{"cameraMode":{"drawMode":0,"name":"Shaded","section":"Shading Mode"},"sceneLighting":true,"audioPlay":false,"sceneViewState":{"showFog":true,"showMaterialUpdate":false,"showSkybox":true,"showFlares":true,"showImageEffects":true,"showParticleSystems":true},"in2DMode":false,"pivot":{"x":-24.399999618530275,"y":14.98105239868164,"z":-12.991000175476075},"rotation":{"x":0.08717546612024307,"y":-0.8834282755851746,"z":0.18213871121406556,"w":0.4228270351886749},"size":5.790274620056152,"orthographic":false}